feeding.guild,EPU,Time,Value,grouping,Units,Var
Benthivore,GB,1983,207282643,Council Managed,USD,Benthivore Council Managed
Benthivore,GB,1984,213026053,Council Managed,USD,Benthivore Council Managed
Benthivore,GB,1985,149747895,Council Managed,USD,Benthivore Council Managed
Benthivore,GB,1986,123764707,Council Managed,USD,Benthivore Council Managed
Benthivore,GB,1987,124975915,Council Managed,USD,Benthivore Council Managed
Benthivore,GB,1988,101239454,Council Managed,USD,Benthivore Council Managed
Benthivore,GB,1989,93425706.99999999,Council Managed,USD,Benthivore Council Managed
Benthivore,GB,1990,123216098.99999997,Council Managed,USD,Benthivore Council Managed
Benthivore,GB,1991,95338597,Council Managed,USD,Benthivore Council Managed
Benthivore,GB,1992,89277068,Council Managed,USD,Benthivore Council Managed
Benthivore,GB,1993,81113945.00000001,Council Managed,USD,Benthivore Council Managed
Benthivore,GB,1994,54835359.54250399,Council Managed,USD,Benthivore Council Managed
Benthivore,GB,1995,45886264.72919891,Council Managed,USD,Benthivore Council Managed
Benthivore,GB,1996,56728903.13648552,Council Managed,USD,Benthivore Council Managed
Benthivore,GB,1997,60598808.54854305,Council Managed,USD,Benthivore Council Managed
Benthivore,GB,1998,67218650.03886446,Council Managed,USD,Benthivore Council Managed
Benthivore,GB,1999,69845329.20335568,Council Managed,USD,Benthivore Council Managed
Benthivore,GB,2000,80669738.32439041,Council Managed,USD,Benthivore Council Managed
Benthivore,GB,2001,95950717.31005761,Council Managed,USD,Benthivore Council Managed
Benthivore,GB,2002,98607772.01059106,Council Managed,USD,Benthivore Council Managed
Benthivore,GB,2003,87494335.46622005,Council Managed,USD,Benthivore Council Managed
Benthivore,GB,2004,87747095.68998581,Council Managed,USD,Benthivore Council Managed
Benthivore,GB,2005,77049268.09262417,Council Managed,USD,Benthivore Council Managed
Benthivore,GB,2006,52087024.58202812,Council Managed,USD,Benthivore Council Managed
Benthivore,GB,2007,51134737.06016162,Council Managed,USD,Benthivore Council Managed
Benthivore,GB,2008,49250864.45418142,Council Managed,USD,Benthivore Council Managed
Benthivore,GB,2009,44987397.75026086,Council Managed,USD,Benthivore Council Managed
Benthivore,GB,2010,52979118.675107405,Council Managed,USD,Benthivore Council Managed
Benthivore,GB,2011,44688833.47682363,Council Managed,USD,Benthivore Council Managed
Benthivore,GB,2012,33905027.97890044,Council Managed,USD,Benthivore Council Managed
Benthivore,GB,2013,25718199.55194085,Council Managed,USD,Benthivore Council Managed
Benthivore,GB,2014,28349696.452978972,Council Managed,USD,Benthivore Council Managed
Benthivore,GB,2015,28266789.120530147,Council Managed,USD,Benthivore Council Managed
Benthivore,GB,2016,24362711.850598045,Council Managed,USD,Benthivore Council Managed
Benthivore,GB,2017,18564670.786302183,Council Managed,USD,Benthivore Council Managed
Benthivore,GB,2018,17584068.805194166,Council Managed,USD,Benthivore Council Managed
Benthivore,GB,2019,18996521.12445933,Council Managed,USD,Benthivore Council Managed
Benthivore,GB,2020,22497398,Council Managed,USD,Benthivore Council Managed
Benthivore,GB,2021,15498578,Council Managed,USD,Benthivore Council Managed
Benthivore,GB,2022,13079888,Council Managed,USD,Benthivore Council Managed
Benthivore,GOM,1983,107817601,Council Managed,USD,Benthivore Council Managed
Benthivore,GOM,1984,97653456,Council Managed,USD,Benthivore Council Managed
Benthivore,GOM,1985,98737010,Council Managed,USD,Benthivore Council Managed
Benthivore,GOM,1986,82509585,Council Managed,USD,Benthivore Council Managed
Benthivore,GOM,1987,74191965,Council Managed,USD,Benthivore Council Managed
Benthivore,GOM,1988,57181254,Council Managed,USD,Benthivore Council Managed
Benthivore,GOM,1989,49143151.999999985,Council Managed,USD,Benthivore Council Managed
Benthivore,GOM,1990,41067174.99999999,Council Managed,USD,Benthivore Council Managed
Benthivore,GOM,1991,48713478.00000001,Council Managed,USD,Benthivore Council Managed
Benthivore,GOM,1992,53804703.999999985,Council Managed,USD,Benthivore Council Managed
Benthivore,GOM,1993,56747407.99999998,Council Managed,USD,Benthivore Council Managed
Benthivore,GOM,1994,53464747.04195864,Council Managed,USD,Benthivore Council Managed
Benthivore,GOM,1995,49658255.05729484,Council Managed,USD,Benthivore Council Managed
Benthivore,GOM,1996,49259782.606150575,Council Managed,USD,Benthivore Council Managed
Benthivore,GOM,1997,42179285.48010471,Council Managed,USD,Benthivore Council Managed
Benthivore,GOM,1998,45288121.60483948,Council Managed,USD,Benthivore Council Managed
Benthivore,GOM,1999,29369659.332411457,Council Managed,USD,Benthivore Council Managed
Benthivore,GOM,2000,36345063.242388986,Council Managed,USD,Benthivore Council Managed
Benthivore,GOM,2001,36685634.94767227,Council Managed,USD,Benthivore Council Managed
Benthivore,GOM,2002,39271886.7508985,Council Managed,USD,Benthivore Council Managed
Benthivore,GOM,2003,39635396.739765,Council Managed,USD,Benthivore Council Managed
Benthivore,GOM,2004,28147189.16691136,Council Managed,USD,Benthivore Council Managed
Benthivore,GOM,2005,24176661.68808824,Council Managed,USD,Benthivore Council Managed
Benthivore,GOM,2006,19489595.037968334,Council Managed,USD,Benthivore Council Managed
Benthivore,GOM,2007,18005087.859125912,Council Managed,USD,Benthivore Council Managed
Benthivore,GOM,2008,17177963.007076316,Council Managed,USD,Benthivore Council Managed
Benthivore,GOM,2009,15058891.363673529,Council Managed,USD,Benthivore Council Managed
Benthivore,GOM,2010,14580627.8350884,Council Managed,USD,Benthivore Council Managed
Benthivore,GOM,2011,12961096.261698717,Council Managed,USD,Benthivore Council Managed
Benthivore,GOM,2012,16239700.625315012,Council Managed,USD,Benthivore Council Managed
Benthivore,GOM,2013,12717996.041990142,Council Managed,USD,Benthivore Council Managed
Benthivore,GOM,2014,10401640.148154052,Council Managed,USD,Benthivore Council Managed
Benthivore,GOM,2015,11631834.6110597,Council Managed,USD,Benthivore Council Managed
Benthivore,GOM,2016,15641247.1033047,Council Managed,USD,Benthivore Council Managed
Benthivore,GOM,2017,17614613.596178718,Council Managed,USD,Benthivore Council Managed
Benthivore,GOM,2018,17272739.930796422,Council Managed,USD,Benthivore Council Managed
Benthivore,GOM,2019,18219458.88495371,Council Managed,USD,Benthivore Council Managed
Benthivore,GOM,2020,15298193,Council Managed,USD,Benthivore Council Managed
Benthivore,GOM,2021,16135833,Council Managed,USD,Benthivore Council Managed
Benthivore,GOM,2022,12963834,Council Managed,USD,Benthivore Council Managed
Benthos,GB,1983,230593817,Council Managed,USD,Benthos Council Managed
Benthos,GB,1984,147907818,Council Managed,USD,Benthos Council Managed
Benthos,GB,1985,124186792,Council Managed,USD,Benthos Council Managed
Benthos,GB,1986,183131153,Council Managed,USD,Benthos Council Managed
Benthos,GB,1987,156684331,Council Managed,USD,Benthos Council Managed
Benthos,GB,1988,179274206,Council Managed,USD,Benthos Council Managed
Benthos,GB,1989,173741481.00000003,Council Managed,USD,Benthos Council Managed
Benthos,GB,1990,263700093.99999997,Council Managed,USD,Benthos Council Managed
Benthos,GB,1991,263518445,Council Managed,USD,Benthos Council Managed
Benthos,GB,1992,257304056,Council Managed,USD,Benthos Council Managed
Benthos,GB,1993,139581338.99999997,Council Managed,USD,Benthos Council Managed
Benthos,GB,1994,42944642.72091155,Council Managed,USD,Benthos Council Managed
Benthos,GB,1995,31717838.226419043,Council Managed,USD,Benthos Council Managed
Benthos,GB,1996,73751984.13394159,Council Managed,USD,Benthos Council Managed
Benthos,GB,1997,85246369.03788203,Council Managed,USD,Benthos Council Managed
Benthos,GB,1998,67701466.20735994,Council Managed,USD,Benthos Council Managed
Benthos,GB,1999,152485965.5503628,Council Managed,USD,Benthos Council Managed
Benthos,GB,2000,137183440.87184894,Council Managed,USD,Benthos Council Managed
Benthos,GB,2001,100804258.12337983,Council Managed,USD,Benthos Council Managed
Benthos,GB,2002,122964309.66237487,Council Managed,USD,Benthos Council Managed
Benthos,GB,2003,101656174.43716756,Council Managed,USD,Benthos Council Managed
Benthos,GB,2004,120742273.92178364,Council Managed,USD,Benthos Council Managed
Benthos,GB,2005,328471874.39481735,Council Managed,USD,Benthos Council Managed
Benthos,GB,2006,415440857.95399493,Council Managed,USD,Benthos Council Managed
Benthos,GB,2007,260422856.87762752,Council Managed,USD,Benthos Council Managed
Benthos,GB,2008,172716864.14944673,Council Managed,USD,Benthos Council Managed
Benthos,GB,2009,183605889.43272007,Council Managed,USD,Benthos Council Managed
Benthos,GB,2010,194444901.12285268,Council Managed,USD,Benthos Council Managed
Benthos,GB,2011,283526549.44983083,Council Managed,USD,Benthos Council Managed
Benthos,GB,2012,463529922.64097476,Council Managed,USD,Benthos Council Managed
Benthos,GB,2013,428171917.78546196,Council Managed,USD,Benthos Council Managed
Benthos,GB,2014,214182884.0202502,Council Managed,USD,Benthos Council Managed
Benthos,GB,2015,188965709.48894763,Council Managed,USD,Benthos Council Managed
Benthos,GB,2016,159264999.93291625,Council Managed,USD,Benthos Council Managed
Benthos,GB,2017,240454776.28910112,Council Managed,USD,Benthos Council Managed
Benthos,GB,2018,429120785.6719099,Council Managed,USD,Benthos Council Managed
Benthos,GB,2019,434496419.2510493,Council Managed,USD,Benthos Council Managed
Benthos,GB,2020,224944482.0687937,Council Managed,USD,Benthos Council Managed
Benthos,GB,2021,508784397,Council Managed,USD,Benthos Council Managed
Benthos,GB,2022,339392866,Council Managed,USD,Benthos Council Managed
Benthos,GOM,1983,25160738,Council Managed,USD,Benthos Council Managed
Benthos,GOM,1984,13037871,Council Managed,USD,Benthos Council Managed
Benthos,GOM,1985,8370165.999999999,Council Managed,USD,Benthos Council Managed
Benthos,GOM,1986,4504314,Council Managed,USD,Benthos Council Managed
Benthos,GOM,1987,7288788,Council Managed,USD,Benthos Council Managed
Benthos,GOM,1988,9162247,Council Managed,USD,Benthos Council Managed
Benthos,GOM,1989,12073073,Council Managed,USD,Benthos Council Managed
Benthos,GOM,1990,10463795,Council Managed,USD,Benthos Council Managed
Benthos,GOM,1991,12678185,Council Managed,USD,Benthos Council Managed
Benthos,GOM,1992,17928078,Council Managed,USD,Benthos Council Managed
Benthos,GOM,1993,26026000.000000004,Council Managed,USD,Benthos Council Managed
Benthos,GOM,1994,12278450.110826734,Council Managed,USD,Benthos Council Managed
Benthos,GOM,1995,12496570.756554585,Council Managed,USD,Benthos Council Managed
Benthos,GOM,1996,22276186.76700613,Council Managed,USD,Benthos Council Managed
Benthos,GOM,1997,22488478.30905093,Council Managed,USD,Benthos Council Managed
Benthos,GOM,1998,12732679.352642156,Council Managed,USD,Benthos Council Managed
Benthos,GOM,1999,5876005.901132432,Council Managed,USD,Benthos Council Managed
Benthos,GOM,2000,3894394.3281415654,Council Managed,USD,Benthos Council Managed
Benthos,GOM,2001,8722512.188261053,Council Managed,USD,Benthos Council Managed
Benthos,GOM,2002,9110509.126954714,Council Managed,USD,Benthos Council Managed
Benthos,GOM,2003,4950991.452669343,Council Managed,USD,Benthos Council Managed
Benthos,GOM,2004,6511080.596408061,Council Managed,USD,Benthos Council Managed
Benthos,GOM,2005,6172993.623437807,Council Managed,USD,Benthos Council Managed
Benthos,GOM,2006,3857108.361170947,Council Managed,USD,Benthos Council Managed
Benthos,GOM,2007,3150058.9665864864,Council Managed,USD,Benthos Council Managed
Benthos,GOM,2008,2529982.5287218196,Council Managed,USD,Benthos Council Managed
Benthos,GOM,2009,2379110.501069445,Council Managed,USD,Benthos Council Managed
Benthos,GOM,2010,5178514.000243367,Council Managed,USD,Benthos Council Managed
Benthos,GOM,2011,8434720.143244073,Council Managed,USD,Benthos Council Managed
Benthos,GOM,2012,14773179.12467945,Council Managed,USD,Benthos Council Managed
Benthos,GOM,2013,17834765.413588434,Council Managed,USD,Benthos Council Managed
Benthos,GOM,2014,11999054.325302461,Council Managed,USD,Benthos Council Managed
Benthos,GOM,2015,11136126.257269619,Council Managed,USD,Benthos Council Managed
Benthos,GOM,2016,23352631.29948387,Council Managed,USD,Benthos Council Managed
Benthos,GOM,2017,28672577.521769565,Council Managed,USD,Benthos Council Managed
Benthos,GOM,2018,8476446.47788891,Council Managed,USD,Benthos Council Managed
Benthos,GOM,2019,11975349.954958715,Council Managed,USD,Benthos Council Managed
Benthos,GOM,2020,8299555.340088558,Council Managed,USD,Benthos Council Managed
Benthos,GOM,2021,21450370.628178522,Council Managed,USD,Benthos Council Managed
Benthos,GOM,2022,39129639,Council Managed,USD,Benthos Council Managed
Piscivore,GB,1983,128406103,Council Managed,USD,Piscivore Council Managed
Piscivore,GB,1984,120481391,Council Managed,USD,Piscivore Council Managed
Piscivore,GB,1985,108387580,Council Managed,USD,Piscivore Council Managed
Piscivore,GB,1986,105848379,Council Managed,USD,Piscivore Council Managed
Piscivore,GB,1987,127891674,Council Managed,USD,Piscivore Council Managed
Piscivore,GB,1988,123561301,Council Managed,USD,Piscivore Council Managed
Piscivore,GB,1989,138673793,Council Managed,USD,Piscivore Council Managed
Piscivore,GB,1990,154132882.99999997,Council Managed,USD,Piscivore Council Managed
Piscivore,GB,1991,162790695,Council Managed,USD,Piscivore Council Managed
Piscivore,GB,1992,125931869,Council Managed,USD,Piscivore Council Managed
Piscivore,GB,1993,125461812.99999997,Council Managed,USD,Piscivore Council Managed
Piscivore,GB,1994,95192133.80897987,Council Managed,USD,Piscivore Council Managed
Piscivore,GB,1995,81232342.870927,Council Managed,USD,Piscivore Council Managed
Piscivore,GB,1996,78967315.50972816,Council Managed,USD,Piscivore Council Managed
Piscivore,GB,1997,69491308.6580022,Council Managed,USD,Piscivore Council Managed
Piscivore,GB,1998,76286055.81281333,Council Managed,USD,Piscivore Council Managed
Piscivore,GB,1999,98659876.79585196,Council Managed,USD,Piscivore Council Managed
Piscivore,GB,2000,92965827.24096063,Council Managed,USD,Piscivore Council Managed
Piscivore,GB,2001,98444016.70300883,Council Managed,USD,Piscivore Council Managed
Piscivore,GB,2002,88105180.44012901,Council Managed,USD,Piscivore Council Managed
Piscivore,GB,2003,77883483.08905883,Council Managed,USD,Piscivore Council Managed
Piscivore,GB,2004,59443597.0552065,Council Managed,USD,Piscivore Council Managed
Piscivore,GB,2005,56902529.280181274,Council Managed,USD,Piscivore Council Managed
Piscivore,GB,2006,53239097.59272663,Council Managed,USD,Piscivore Council Managed
Piscivore,GB,2007,54832933.04878412,Council Managed,USD,Piscivore Council Managed
Piscivore,GB,2008,44592019.815649584,Council Managed,USD,Piscivore Council Managed
Piscivore,GB,2009,38030251.8915987,Council Managed,USD,Piscivore Council Managed
Piscivore,GB,2010,39033451.360796675,Council Managed,USD,Piscivore Council Managed
Piscivore,GB,2011,48697688.22408513,Council Managed,USD,Piscivore Council Managed
Piscivore,GB,2012,41621466.11330545,Council Managed,USD,Piscivore Council Managed
Piscivore,GB,2013,29546315.634719215,Council Managed,USD,Piscivore Council Managed
Piscivore,GB,2014,32839454.729404934,Council Managed,USD,Piscivore Council Managed
Piscivore,GB,2015,30625030.304775186,Council Managed,USD,Piscivore Council Managed
Piscivore,GB,2016,32212727.27157204,Council Managed,USD,Piscivore Council Managed
Piscivore,GB,2017,24293596.89515127,Council Managed,USD,Piscivore Council Managed
Piscivore,GB,2018,22675202.802410915,Council Managed,USD,Piscivore Council Managed
Piscivore,GB,2019,18262252.83649046,Council Managed,USD,Piscivore Council Managed
Piscivore,GB,2020,21700346,Council Managed,USD,Piscivore Council Managed
Piscivore,GB,2021,18322294,Council Managed,USD,Piscivore Council Managed
Piscivore,GB,2022,18561270,Council Managed,USD,Piscivore Council Managed
Piscivore,GOM,1983,81552934,Council Managed,USD,Piscivore Council Managed
Piscivore,GOM,1984,74071702,Council Managed,USD,Piscivore Council Managed
Piscivore,GOM,1985,92635636,Council Managed,USD,Piscivore Council Managed
Piscivore,GOM,1986,116348602,Council Managed,USD,Piscivore Council Managed
Piscivore,GOM,1987,113168225,Council Managed,USD,Piscivore Council Managed
Piscivore,GOM,1988,72957889,Council Managed,USD,Piscivore Council Managed
Piscivore,GOM,1989,87855981.00000003,Council Managed,USD,Piscivore Council Managed
Piscivore,GOM,1990,110079932,Council Managed,USD,Piscivore Council Managed
Piscivore,GOM,1991,141118184,Council Managed,USD,Piscivore Council Managed
Piscivore,GOM,1992,113766499,Council Managed,USD,Piscivore Council Managed
Piscivore,GOM,1993,98315564.99999997,Council Managed,USD,Piscivore Council Managed
Piscivore,GOM,1994,93136611.73009042,Council Managed,USD,Piscivore Council Managed
Piscivore,GOM,1995,84249303.9468135,Council Managed,USD,Piscivore Council Managed
Piscivore,GOM,1996,80673771.74002416,Council Managed,USD,Piscivore Council Managed
Piscivore,GOM,1997,63435562.406708226,Council Managed,USD,Piscivore Council Managed
Piscivore,GOM,1998,62661477.22354448,Council Managed,USD,Piscivore Council Managed
Piscivore,GOM,1999,51511006.27734028,Council Managed,USD,Piscivore Council Managed
Piscivore,GOM,2000,68469981.39041182,Council Managed,USD,Piscivore Council Managed
Piscivore,GOM,2001,69677201.79403174,Council Managed,USD,Piscivore Council Managed
Piscivore,GOM,2002,63275834.579207,Council Managed,USD,Piscivore Council Managed
Piscivore,GOM,2003,66304073.7586364,Council Managed,USD,Piscivore Council Managed
Piscivore,GOM,2004,65975668.032365665,Council Managed,USD,Piscivore Council Managed
Piscivore,GOM,2005,67814570.94984281,Council Managed,USD,Piscivore Council Managed
Piscivore,GOM,2006,53724811.74155237,Council Managed,USD,Piscivore Council Managed
Piscivore,GOM,2007,56964287.02006578,Council Managed,USD,Piscivore Council Managed
Piscivore,GOM,2008,68351296.26868509,Council Managed,USD,Piscivore Council Managed
Piscivore,GOM,2009,60037377.025124624,Council Managed,USD,Piscivore Council Managed
Piscivore,GOM,2010,58941899.31066008,Council Managed,USD,Piscivore Council Managed
Piscivore,GOM,2011,63319976.49469663,Council Managed,USD,Piscivore Council Managed
Piscivore,GOM,2012,60895543.61273823,Council Managed,USD,Piscivore Council Managed
Piscivore,GOM,2013,39554447.63650682,Council Managed,USD,Piscivore Council Managed
Piscivore,GOM,2014,35832956.29506769,Council Managed,USD,Piscivore Council Managed
Piscivore,GOM,2015,28562738.02843231,Council Managed,USD,Piscivore Council Managed
Piscivore,GOM,2016,26592951.89279195,Council Managed,USD,Piscivore Council Managed
Piscivore,GOM,2017,29534668.214125015,Council Managed,USD,Piscivore Council Managed
Piscivore,GOM,2018,25291021.266065627,Council Managed,USD,Piscivore Council Managed
Piscivore,GOM,2019,26868182.993240353,Council Managed,USD,Piscivore Council Managed
Piscivore,GOM,2020,23644800,Council Managed,USD,Piscivore Council Managed
Piscivore,GOM,2021,25396901,Council Managed,USD,Piscivore Council Managed
Piscivore,GOM,2022,23348790,Council Managed,USD,Piscivore Council Managed
Planktivore,GB,1983,1558,Council Managed,USD,Planktivore Council Managed
Planktivore,GB,1984,4476,Council Managed,USD,Planktivore Council Managed
Planktivore,GB,1985,76965,Council Managed,USD,Planktivore Council Managed
Planktivore,GB,1986,1246,Council Managed,USD,Planktivore Council Managed
Planktivore,GB,1987,4829,Council Managed,USD,Planktivore Council Managed
Planktivore,GB,1988,4049.0000000000005,Council Managed,USD,Planktivore Council Managed
Planktivore,GB,1989,1691,Council Managed,USD,Planktivore Council Managed
Planktivore,GB,1990,6447,Council Managed,USD,Planktivore Council Managed
Planktivore,GB,1991,240962,Council Managed,USD,Planktivore Council Managed
Planktivore,GB,1992,3903,Council Managed,USD,Planktivore Council Managed
Planktivore,GB,1993,53961,Council Managed,USD,Planktivore Council Managed
Planktivore,GB,1996,714745.1719414014,Council Managed,USD,Planktivore Council Managed
Planktivore,GB,1997,2219522.279008399,Council Managed,USD,Planktivore Council Managed
Planktivore,GB,1998,10482483.10417224,Council Managed,USD,Planktivore Council Managed
Planktivore,GB,1999,2435037.5961917955,Council Managed,USD,Planktivore Council Managed
Planktivore,GB,2000,5267279,Council Managed,USD,Planktivore Council Managed
Planktivore,GB,2001,15717615,Council Managed,USD,Planktivore Council Managed
Planktivore,GB,2002,6617336.991467361,Council Managed,USD,Planktivore Council Managed
Planktivore,GB,2003,9046729.790641556,Council Managed,USD,Planktivore Council Managed
Planktivore,GB,2004,7936805.572105226,Council Managed,USD,Planktivore Council Managed
Planktivore,GB,2005,8191573.659427023,Council Managed,USD,Planktivore Council Managed
Planktivore,GB,2006,6493557.441868748,Council Managed,USD,Planktivore Council Managed
Planktivore,GB,2007,5351114.118367128,Council Managed,USD,Planktivore Council Managed
Planktivore,GB,2008,7562628.8546686405,Council Managed,USD,Planktivore Council Managed
Planktivore,GB,2009,12296197.916874768,Council Managed,USD,Planktivore Council Managed
Planktivore,GB,2010,10630491.155694325,Council Managed,USD,Planktivore Council Managed
Planktivore,GB,2011,17859043.481885754,Council Managed,USD,Planktivore Council Managed
Planktivore,GB,2012,21557026,Council Managed,USD,Planktivore Council Managed
Planktivore,GB,2013,18913804,Council Managed,USD,Planktivore Council Managed
Planktivore,GB,2014,16881703,Council Managed,USD,Planktivore Council Managed
Planktivore,GB,2015,14647938.430036185,Council Managed,USD,Planktivore Council Managed
Planktivore,GB,2016,12039007.164614562,Council Managed,USD,Planktivore Council Managed
Planktivore,GB,2017,10686745.335618366,Council Managed,USD,Planktivore Council Managed
Planktivore,GB,2018,7602982,Council Managed,USD,Planktivore Council Managed
Planktivore,GB,2019,3512586,Council Managed,USD,Planktivore Council Managed
Planktivore,GB,2020,3572536,Council Managed,USD,Planktivore Council Managed
Planktivore,GB,2021,1454642,Council Managed,USD,Planktivore Council Managed
Planktivore,GB,2022,0,Council Managed,USD,Planktivore Council Managed
Planktivore,GOM,1983,15420295,Council Managed,USD,Planktivore Council Managed
Planktivore,GOM,1984,17739093,Council Managed,USD,Planktivore Council Managed
Planktivore,GOM,1985,13291534,Council Managed,USD,Planktivore Council Managed
Planktivore,GOM,1986,15405264,Council Managed,USD,Planktivore Council Managed
Planktivore,GOM,1987,16665659,Council Managed,USD,Planktivore Council Managed
Planktivore,GOM,1988,20118386,Council Managed,USD,Planktivore Council Managed
Planktivore,GOM,1989,20735170,Council Managed,USD,Planktivore Council Managed
Planktivore,GOM,1990,18313658,Council Managed,USD,Planktivore Council Managed
Planktivore,GOM,1991,27915822,Council Managed,USD,Planktivore Council Managed
Planktivore,GOM,1992,28117974,Council Managed,USD,Planktivore Council Managed
Planktivore,GOM,1993,26660796,Council Managed,USD,Planktivore Council Managed
Planktivore,GOM,1994,21012892,Council Managed,USD,Planktivore Council Managed
Planktivore,GOM,1995,27414317,Council Managed,USD,Planktivore Council Managed
Planktivore,GOM,1996,29381713.849014614,Council Managed,USD,Planktivore Council Managed
Planktivore,GOM,1997,27005145.932098385,Council Managed,USD,Planktivore Council Managed
Planktivore,GOM,1998,16476906.325281216,Council Managed,USD,Planktivore Council Managed
Planktivore,GOM,1999,23029424.99453492,Council Managed,USD,Planktivore Council Managed
Planktivore,GOM,2000,19181327,Council Managed,USD,Planktivore Council Managed
Planktivore,GOM,2001,16870742,Council Managed,USD,Planktivore Council Managed
Planktivore,GOM,2002,19436669.05653666,Council Managed,USD,Planktivore Council Managed
Planktivore,GOM,2003,19980872.70205618,Council Managed,USD,Planktivore Council Managed
Planktivore,GOM,2004,21674455.61052367,Council Managed,USD,Planktivore Council Managed
Planktivore,GOM,2005,24850339.37915514,Council Managed,USD,Planktivore Council Managed
Planktivore,GOM,2006,22095248.005033836,Council Managed,USD,Planktivore Council Managed
Planktivore,GOM,2007,16440118.140361806,Council Managed,USD,Planktivore Council Managed
Planktivore,GOM,2008,21785869.798933122,Council Managed,USD,Planktivore Council Managed
Planktivore,GOM,2009,18275269.343109306,Council Managed,USD,Planktivore Council Managed
Planktivore,GOM,2010,12957048.997286674,Council Managed,USD,Planktivore Council Managed
Planktivore,GOM,2011,12014436.247943847,Council Managed,USD,Planktivore Council Managed
Planktivore,GOM,2012,12270438,Council Managed,USD,Planktivore Council Managed
Planktivore,GOM,2013,13770718,Council Managed,USD,Planktivore Council Managed
Planktivore,GOM,2014,13734736,Council Managed,USD,Planktivore Council Managed
Planktivore,GOM,2015,13565653.036543332,Council Managed,USD,Planktivore Council Managed
Planktivore,GOM,2016,20937274.85854851,Council Managed,USD,Planktivore Council Managed
Planktivore,GOM,2017,22080124.720388036,Council Managed,USD,Planktivore Council Managed
Planktivore,GOM,2018,18643176,Council Managed,USD,Planktivore Council Managed
Planktivore,GOM,2019,5882696,Council Managed,USD,Planktivore Council Managed
Planktivore,GOM,2020,2578952,Council Managed,USD,Planktivore Council Managed
Planktivore,GOM,2021,2291766,Council Managed,USD,Planktivore Council Managed
Planktivore,GOM,2022,0,Council Managed,USD,Planktivore Council Managed
Benthivore,GOM,1983,313074364,Total,USD,Benthivore Total
Benthivore,GB,1983,245312141,Total,USD,Benthivore Total
Benthivore,GOM,1984,281997721,Total,USD,Benthivore Total
Benthivore,GB,1984,254791174,Total,USD,Benthivore Total
Benthivore,GB,1985,188996263,Total,USD,Benthivore Total
Benthivore,GOM,1985,265325305,Total,USD,Benthivore Total
Benthivore,GB,1986,154226746,Total,USD,Benthivore Total
Benthivore,GOM,1986,233705223,Total,USD,Benthivore Total
Benthivore,GB,1987,158284947,Total,USD,Benthivore Total
Benthivore,GOM,1987,231230144,Total,USD,Benthivore Total
Benthivore,GB,1988,136540744,Total,USD,Benthivore Total
Benthivore,GOM,1988,223297732,Total,USD,Benthivore Total
Benthivore,GOM,1989,339964436.9999998,Total,USD,Benthivore Total
Benthivore,GB,1989,127016127.99999999,Total,USD,Benthivore Total
Benthivore,GB,1990,154240346.99999997,Total,USD,Benthivore Total
Benthivore,GOM,1990,315752935,Total,USD,Benthivore Total
Benthivore,GB,1991,131165543,Total,USD,Benthivore Total
Benthivore,GOM,1991,371839955,Total,USD,Benthivore Total
Benthivore,GB,1992,130332951,Total,USD,Benthivore Total
Benthivore,GOM,1992,362687156.00000024,Total,USD,Benthivore Total
Benthivore,GOM,1993,356236798,Total,USD,Benthivore Total
Benthivore,GB,1993,114719105.00000001,Total,USD,Benthivore Total
Benthivore,GB,1994,80012419.70408407,Total,USD,Benthivore Total
Benthivore,GOM,1994,428190816.78720975,Total,USD,Benthivore Total
Benthivore,GB,1995,66395223.655058146,Total,USD,Benthivore Total
Benthivore,GOM,1995,429073306.8139246,Total,USD,Benthivore Total
Benthivore,GOM,1996,409680231.83820295,Total,USD,Benthivore Total
Benthivore,GB,1996,116481405.20975672,Total,USD,Benthivore Total
Benthivore,GOM,1997,475151276.13732785,Total,USD,Benthivore Total
Benthivore,GB,1997,106034439.98828568,Total,USD,Benthivore Total
Benthivore,GOM,1998,433982672.8487204,Total,USD,Benthivore Total
Benthivore,GB,1998,106942346.92605402,Total,USD,Benthivore Total
Benthivore,GB,1999,97410276.8750421,Total,USD,Benthivore Total
Benthivore,GOM,1999,587627695.8622922,Total,USD,Benthivore Total
Benthivore,GB,2000,126843181.5220233,Total,USD,Benthivore Total
Benthivore,GOM,2000,504289280.7145014,Total,USD,Benthivore Total
Benthivore,GB,2001,170743065.41445166,Total,USD,Benthivore Total
Benthivore,GOM,2001,461119471.0960916,Total,USD,Benthivore Total
Benthivore,GOM,2002,374860364.2225404,Total,USD,Benthivore Total
Benthivore,GB,2002,232794544.23613587,Total,USD,Benthivore Total
Benthivore,GOM,2003,290270202.95874673,Total,USD,Benthivore Total
Benthivore,GB,2003,283997775.5056326,Total,USD,Benthivore Total
Benthivore,GOM,2004,169252680.59097704,Total,USD,Benthivore Total
Benthivore,GB,2004,259338112.94493812,Total,USD,Benthivore Total
Benthivore,GOM,2005,418564385.3764826,Total,USD,Benthivore Total
Benthivore,GB,2005,135962638.44517326,Total,USD,Benthivore Total
Benthivore,GB,2006,96631166.55262166,Total,USD,Benthivore Total
Benthivore,GOM,2006,144565205.67172015,Total,USD,Benthivore Total
Benthivore,GOM,2007,486610315.00180495,Total,USD,Benthivore Total
Benthivore,GB,2007,93334782.80302905,Total,USD,Benthivore Total
Benthivore,GOM,2008,440426345.81632686,Total,USD,Benthivore Total
Benthivore,GB,2008,91316175.8084706,Total,USD,Benthivore Total
Benthivore,GOM,2009,425684578.5156337,Total,USD,Benthivore Total
Benthivore,GB,2009,83516043.7856704,Total,USD,Benthivore Total
Benthivore,GOM,2010,425137085.9612522,Total,USD,Benthivore Total
Benthivore,GB,2010,87984759.74429911,Total,USD,Benthivore Total
Benthivore,GB,2011,82925141.97842495,Total,USD,Benthivore Total
Benthivore,GOM,2011,490013806.4901451,Total,USD,Benthivore Total
Benthivore,GOM,2012,498655821.32391244,Total,USD,Benthivore Total
Benthivore,GB,2012,75943382.54574697,Total,USD,Benthivore Total
Benthivore,GB,2013,71960939.1940446,Total,USD,Benthivore Total
Benthivore,GOM,2013,524579158.19295114,Total,USD,Benthivore Total
Benthivore,GOM,2014,582312803.7308072,Total,USD,Benthivore Total
Benthivore,GB,2014,74081854.85531504,Total,USD,Benthivore Total
Benthivore,GB,2015,76056109.4012862,Total,USD,Benthivore Total
Benthivore,GOM,2015,666254306.2040353,Total,USD,Benthivore Total
Benthivore,GB,2016,78417524.29440778,Total,USD,Benthivore Total
Benthivore,GOM,2016,703649876.8394314,Total,USD,Benthivore Total
Benthivore,GB,2017,81012539.35948771,Total,USD,Benthivore Total
Benthivore,GOM,2017,572655020.5497339,Total,USD,Benthivore Total
Benthivore,GOM,2018,643828057.8354508,Total,USD,Benthivore Total
Benthivore,GB,2018,78130320.18895835,Total,USD,Benthivore Total
Benthivore,GOM,2019,625134231.7586795,Total,USD,Benthivore Total
Benthivore,GB,2019,78127954.97270001,Total,USD,Benthivore Total
Benthivore,GOM,2020,520060302.2907216,Total,USD,Benthivore Total
Benthivore,GB,2020,72722688.52342287,Total,USD,Benthivore Total
Benthivore,GOM,2021,756519784,Total,USD,Benthivore Total
Benthivore,GB,2021,71516050,Total,USD,Benthivore Total
Benthivore,GOM,2022,428668355.24193335,Total,USD,Benthivore Total
Benthivore,GB,2022,54651649.26401968,Total,USD,Benthivore Total
Benthos,GOM,1983,29367669,Total,USD,Benthos Total
Benthos,GB,1983,234229506,Total,USD,Benthos Total
Benthos,GOM,1984,18999037,Total,USD,Benthos Total
Benthos,GB,1984,159051263,Total,USD,Benthos Total
Benthos,GOM,1985,16164728,Total,USD,Benthos Total
Benthos,GB,1985,137173640,Total,USD,Benthos Total
Benthos,GOM,1986,12624624,Total,USD,Benthos Total
Benthos,GB,1986,195757056,Total,USD,Benthos Total
Benthos,GOM,1987,13258597,Total,USD,Benthos Total
Benthos,GB,1987,163151330,Total,USD,Benthos Total
Benthos,GOM,1988,18573240,Total,USD,Benthos Total
Benthos,GB,1988,189155903,Total,USD,Benthos Total
Benthos,GOM,1989,26119657,Total,USD,Benthos Total
Benthos,GB,1989,185283819.00000003,Total,USD,Benthos Total
Benthos,GOM,1990,29364543,Total,USD,Benthos Total
Benthos,GB,1990,271613919,Total,USD,Benthos Total
Benthos,GOM,1991,43780891,Total,USD,Benthos Total
Benthos,GB,1991,270288444,Total,USD,Benthos Total
Benthos,GOM,1992,57868433,Total,USD,Benthos Total
Benthos,GB,1992,263926120,Total,USD,Benthos Total
Benthos,GOM,1993,100148629,Total,USD,Benthos Total
Benthos,GB,1993,143913823.99999997,Total,USD,Benthos Total
Benthos,GOM,1994,83587206.32067512,Total,USD,Benthos Total
Benthos,GB,1994,44492595.57408136,Total,USD,Benthos Total
Benthos,GOM,1995,84723144.32532433,Total,USD,Benthos Total
Benthos,GB,1995,36885104.10907908,Total,USD,Benthos Total
Benthos,GOM,1996,82253022.03563346,Total,USD,Benthos Total
Benthos,GB,1996,76818837.90367031,Total,USD,Benthos Total
Benthos,GOM,1997,66162226.07625528,Total,USD,Benthos Total
Benthos,GB,1997,93350324.24313141,Total,USD,Benthos Total
Benthos,GOM,1998,46992863.11888437,Total,USD,Benthos Total
Benthos,GB,1998,71081848.06923085,Total,USD,Benthos Total
Benthos,GB,1999,154712601.65289208,Total,USD,Benthos Total
Benthos,GOM,1999,33937345.418664016,Total,USD,Benthos Total
Benthos,GB,2000,141603611.75806385,Total,USD,Benthos Total
Benthos,GOM,2000,4936975.962931525,Total,USD,Benthos Total
Benthos,GB,2001,102226307.50548661,Total,USD,Benthos Total
Benthos,GOM,2001,10320399.005746575,Total,USD,Benthos Total
Benthos,GB,2002,129275495.97313008,Total,USD,Benthos Total
Benthos,GOM,2002,15313585.909467306,Total,USD,Benthos Total
Benthos,GB,2003,104476797.3371411,Total,USD,Benthos Total
Benthos,GOM,2003,23095362.350887906,Total,USD,Benthos Total
Benthos,GOM,2004,7515749.020541774,Total,USD,Benthos Total
Benthos,GB,2004,128693724.91422708,Total,USD,Benthos Total
Benthos,GOM,2005,10571819.389955703,Total,USD,Benthos Total
Benthos,GB,2005,334748729.7568124,Total,USD,Benthos Total
Benthos,GOM,2006,4706940.614568838,Total,USD,Benthos Total
Benthos,GB,2006,419300191.54746234,Total,USD,Benthos Total
Benthos,GOM,2007,10256108.538822683,Total,USD,Benthos Total
Benthos,GB,2007,264880384.50533578,Total,USD,Benthos Total
Benthos,GOM,2008,14552837.853383297,Total,USD,Benthos Total
Benthos,GB,2008,177158805.25031203,Total,USD,Benthos Total
Benthos,GOM,2009,7841840.590605422,Total,USD,Benthos Total
Benthos,GB,2009,190962601.11830723,Total,USD,Benthos Total
Benthos,GOM,2010,7389111.535535203,Total,USD,Benthos Total
Benthos,GB,2010,207792335.29990283,Total,USD,Benthos Total
Benthos,GB,2011,297736153.2944112,Total,USD,Benthos Total
Benthos,GOM,2011,16384382.90816858,Total,USD,Benthos Total
Benthos,GOM,2012,19848823.254755765,Total,USD,Benthos Total
Benthos,GB,2012,486984988.45320755,Total,USD,Benthos Total
Benthos,GOM,2013,30134251.84371953,Total,USD,Benthos Total
Benthos,GB,2013,456610411.4922505,Total,USD,Benthos Total
Benthos,GOM,2014,20824519.035393175,Total,USD,Benthos Total
Benthos,GB,2014,238720862.58763492,Total,USD,Benthos Total
Benthos,GOM,2015,20948938.364313014,Total,USD,Benthos Total
Benthos,GB,2015,215065744.32308733,Total,USD,Benthos Total
Benthos,GB,2016,188101087.84617332,Total,USD,Benthos Total
Benthos,GOM,2016,32775304.288100947,Total,USD,Benthos Total
Benthos,GOM,2017,35419184.71780611,Total,USD,Benthos Total
Benthos,GB,2017,266810810.9656825,Total,USD,Benthos Total
Benthos,GB,2018,453961945.19294274,Total,USD,Benthos Total
Benthos,GOM,2018,20776182.7136955,Total,USD,Benthos Total
Benthos,GOM,2019,21507012.461034182,Total,USD,Benthos Total
Benthos,GB,2019,455382056.1558325,Total,USD,Benthos Total
Benthos,GOM,2020,15276040.340088557,Total,USD,Benthos Total
Benthos,GB,2020,244662480.0687937,Total,USD,Benthos Total
Benthos,GOM,2021,29321881.628178522,Total,USD,Benthos Total
Benthos,GB,2021,522698092,Total,USD,Benthos Total
Benthos,GOM,2022,46439830,Total,USD,Benthos Total
Benthos,GB,2022,356922561,Total,USD,Benthos Total
Piscivore,GB,1983,139525945,Total,USD,Piscivore Total
Piscivore,GOM,1983,85178493,Total,USD,Piscivore Total
Piscivore,GB,1984,135001038,Total,USD,Piscivore Total
Piscivore,GOM,1984,77026115,Total,USD,Piscivore Total
Piscivore,GOM,1985,98089177,Total,USD,Piscivore Total
Piscivore,GB,1985,135323513,Total,USD,Piscivore Total
Piscivore,GOM,1986,121756729,Total,USD,Piscivore Total
Piscivore,GB,1986,129364005,Total,USD,Piscivore Total
Piscivore,GB,1987,147259994,Total,USD,Piscivore Total
Piscivore,GOM,1987,117306602,Total,USD,Piscivore Total
Piscivore,GB,1988,141048034,Total,USD,Piscivore Total
Piscivore,GOM,1988,75768988,Total,USD,Piscivore Total
Piscivore,GB,1989,167902892,Total,USD,Piscivore Total
Piscivore,GOM,1989,90716257.00000003,Total,USD,Piscivore Total
Piscivore,GB,1990,165416656.99999997,Total,USD,Piscivore Total
Piscivore,GOM,1990,113441056,Total,USD,Piscivore Total
Piscivore,GB,1991,180104510,Total,USD,Piscivore Total
Piscivore,GOM,1991,145491943,Total,USD,Piscivore Total
Piscivore,GB,1992,141773224,Total,USD,Piscivore Total
Piscivore,GOM,1992,117790064,Total,USD,Piscivore Total
Piscivore,GB,1993,142334064.667892,Total,USD,Piscivore Total
Piscivore,GOM,1993,101796868.99999997,Total,USD,Piscivore Total
Piscivore,GB,1994,104109159.54382184,Total,USD,Piscivore Total
Piscivore,GOM,1994,96121135.68838876,Total,USD,Piscivore Total
Piscivore,GB,1995,92055124.0771776,Total,USD,Piscivore Total
Piscivore,GOM,1995,86656734.79221563,Total,USD,Piscivore Total
Piscivore,GB,1996,95510854.79912065,Total,USD,Piscivore Total
Piscivore,GOM,1996,84663910.54164024,Total,USD,Piscivore Total
Piscivore,GB,1997,74655839.54313344,Total,USD,Piscivore Total
Piscivore,GOM,1997,64960071.8243475,Total,USD,Piscivore Total
Piscivore,GB,1998,91266647.80916892,Total,USD,Piscivore Total
Piscivore,GOM,1998,64031719.10787452,Total,USD,Piscivore Total
Piscivore,GB,1999,112712961.44779819,Total,USD,Piscivore Total
Piscivore,GOM,1999,52541632.1923249,Total,USD,Piscivore Total
Piscivore,GB,2000,100705862.00119385,Total,USD,Piscivore Total
Piscivore,GOM,2000,69140643.96631448,Total,USD,Piscivore Total
Piscivore,GB,2001,106828408.84619835,Total,USD,Piscivore Total
Piscivore,GOM,2001,70197165.30494706,Total,USD,Piscivore Total
Piscivore,GB,2002,99048626.02290133,Total,USD,Piscivore Total
Piscivore,GOM,2002,64141723.8317261,Total,USD,Piscivore Total
Piscivore,GOM,2003,66811577.20431125,Total,USD,Piscivore Total
Piscivore,GB,2003,94092900.05264618,Total,USD,Piscivore Total
Piscivore,GB,2004,71243492.52408129,Total,USD,Piscivore Total
Piscivore,GOM,2004,67065518.266291514,Total,USD,Piscivore Total
Piscivore,GB,2005,69488213.38175775,Total,USD,Piscivore Total
Piscivore,GOM,2005,69301367.30328599,Total,USD,Piscivore Total
Piscivore,GB,2006,62249986.02293985,Total,USD,Piscivore Total
Piscivore,GOM,2006,55072386.85451381,Total,USD,Piscivore Total
Piscivore,GB,2007,74475298.6192425,Total,USD,Piscivore Total
Piscivore,GOM,2007,57971376.42985535,Total,USD,Piscivore Total
Piscivore,GOM,2008,69847643.9957406,Total,USD,Piscivore Total
Piscivore,GB,2008,51531017.0235944,Total,USD,Piscivore Total
Piscivore,GOM,2009,61020697.41642283,Total,USD,Piscivore Total
Piscivore,GB,2009,42269128.353192374,Total,USD,Piscivore Total
Piscivore,GB,2010,45231769.50014744,Total,USD,Piscivore Total
Piscivore,GOM,2010,61083556.12774195,Total,USD,Piscivore Total
Piscivore,GOM,2011,64350796.60582101,Total,USD,Piscivore Total
Piscivore,GB,2011,56372015.47962218,Total,USD,Piscivore Total
Piscivore,GB,2012,46454537.12515756,Total,USD,Piscivore Total
Piscivore,GOM,2012,62209544.01635166,Total,USD,Piscivore Total
Piscivore,GOM,2013,40445389.13066898,Total,USD,Piscivore Total
Piscivore,GB,2013,40260320.83006198,Total,USD,Piscivore Total
Piscivore,GOM,2014,37973574.47105259,Total,USD,Piscivore Total
Piscivore,GB,2014,38300480.28510226,Total,USD,Piscivore Total
Piscivore,GOM,2015,31194550.31409581,Total,USD,Piscivore Total
Piscivore,GB,2015,39018596.508839816,Total,USD,Piscivore Total
Piscivore,GB,2016,37648661.51472419,Total,USD,Piscivore Total
Piscivore,GOM,2016,29673045.281744156,Total,USD,Piscivore Total
Piscivore,GOM,2017,33275436.162684906,Total,USD,Piscivore Total
Piscivore,GB,2017,34981134.7928103,Total,USD,Piscivore Total
Piscivore,GB,2018,33322988.89098761,Total,USD,Piscivore Total
Piscivore,GOM,2018,27979899.38445512,Total,USD,Piscivore Total
Piscivore,GOM,2019,30147898.808066424,Total,USD,Piscivore Total
Piscivore,GB,2019,34833644.9117627,Total,USD,Piscivore Total
Piscivore,GOM,2020,25572146,Total,USD,Piscivore Total
Piscivore,GB,2020,38606049,Total,USD,Piscivore Total
Piscivore,GOM,2021,28714435,Total,USD,Piscivore Total
Piscivore,GB,2021,25685126,Total,USD,Piscivore Total
Piscivore,GOM,2022,26501449,Total,USD,Piscivore Total
Piscivore,GB,2022,21455607,Total,USD,Piscivore Total
Planktivore,GOM,1983,26643968,Total,USD,Planktivore Total
Planktivore,GB,1983,291959,Total,USD,Planktivore Total
Planktivore,GOM,1984,32941019,Total,USD,Planktivore Total
Planktivore,GB,1984,1223321,Total,USD,Planktivore Total
Planktivore,GOM,1985,29311612,Total,USD,Planktivore Total
Planktivore,GB,1985,1715370,Total,USD,Planktivore Total
Planktivore,GOM,1986,39194799,Total,USD,Planktivore Total
Planktivore,GB,1986,2717410,Total,USD,Planktivore Total
Planktivore,GOM,1987,53872972,Total,USD,Planktivore Total
Planktivore,GB,1987,3159503,Total,USD,Planktivore Total
Planktivore,GOM,1988,41323566,Total,USD,Planktivore Total
Planktivore,GB,1988,1468893,Total,USD,Planktivore Total
Planktivore,GOM,1989,44264176,Total,USD,Planktivore Total
Planktivore,GB,1989,1371802,Total,USD,Planktivore Total
Planktivore,GOM,1990,39148410,Total,USD,Planktivore Total
Planktivore,GB,1990,594150,Total,USD,Planktivore Total
Planktivore,GOM,1991,47092340,Total,USD,Planktivore Total
Planktivore,GB,1991,2850640,Total,USD,Planktivore Total
Planktivore,GOM,1992,48860927,Total,USD,Planktivore Total
Planktivore,GB,1992,3003016,Total,USD,Planktivore Total
Planktivore,GOM,1993,41084827,Total,USD,Planktivore Total
Planktivore,GB,1993,1776635,Total,USD,Planktivore Total
Planktivore,GOM,1994,38985190.06581723,Total,USD,Planktivore Total
Planktivore,GB,1994,3071189.773137366,Total,USD,Planktivore Total
Planktivore,GOM,1995,61336950.764017805,Total,USD,Planktivore Total
Planktivore,GB,1995,1373406.0550267296,Total,USD,Planktivore Total
Planktivore,GOM,1996,68997191.45975563,Total,USD,Planktivore Total
Planktivore,GB,1996,5360255.38052793,Total,USD,Planktivore Total
Planktivore,GOM,1997,55305473.86258207,Total,USD,Planktivore Total
Planktivore,GB,1997,3458849.7211116906,Total,USD,Planktivore Total
Planktivore,GOM,1998,35815899.430618756,Total,USD,Planktivore Total
Planktivore,GB,1998,11540345.463379519,Total,USD,Planktivore Total
Planktivore,GOM,1999,31444507.00255667,Total,USD,Planktivore Total
Planktivore,GB,1999,4232519.327463163,Total,USD,Planktivore Total
Planktivore,GOM,2000,27959330.160685875,Total,USD,Planktivore Total
Planktivore,GB,2000,5493456.309564209,Total,USD,Planktivore Total
Planktivore,GOM,2001,21889802.773265526,Total,USD,Planktivore Total
Planktivore,GB,2001,16592052.159178227,Total,USD,Planktivore Total
Planktivore,GOM,2002,21997424.840107966,Total,USD,Planktivore Total
Planktivore,GB,2002,7744960.695838752,Total,USD,Planktivore Total
Planktivore,GOM,2003,25044930.797122695,Total,USD,Planktivore Total
Planktivore,GB,2003,10250101.419948356,Total,USD,Planktivore Total
Planktivore,GOM,2004,24713409.62889789,Total,USD,Planktivore Total
Planktivore,GB,2004,11006442.519749166,Total,USD,Planktivore Total
Planktivore,GOM,2005,29554476.746915292,Total,USD,Planktivore Total
Planktivore,GB,2005,9858573.49379058,Total,USD,Planktivore Total
Planktivore,GOM,2006,24577568.593338303,Total,USD,Planktivore Total
Planktivore,GB,2006,7425843.637744677,Total,USD,Planktivore Total
Planktivore,GOM,2007,22521868.304373413,Total,USD,Planktivore Total
Planktivore,GB,2007,8855684.011230368,Total,USD,Planktivore Total
Planktivore,GOM,2008,30114692.369465727,Total,USD,Planktivore Total
Planktivore,GB,2008,10269583.80184106,Total,USD,Planktivore Total
Planktivore,GOM,2009,22098192.52157653,Total,USD,Planktivore Total
Planktivore,GB,2009,13058885.436028559,Total,USD,Planktivore Total
Planktivore,GOM,2010,34287505.08447391,Total,USD,Planktivore Total
Planktivore,GB,2010,11071240.459735595,Total,USD,Planktivore Total
Planktivore,GOM,2011,25517246.28139036,Total,USD,Planktivore Total
Planktivore,GB,2011,18182042.446528923,Total,USD,Planktivore Total
Planktivore,GOM,2012,20158388.785166476,Total,USD,Planktivore Total
Planktivore,GB,2012,21873242.431997817,Total,USD,Planktivore Total
Planktivore,GOM,2013,15837256.231604068,Total,USD,Planktivore Total
Planktivore,GB,2013,21299754.217768155,Total,USD,Planktivore Total
Planktivore,GOM,2014,15075352.389340488,Total,USD,Planktivore Total
Planktivore,GB,2014,22340368.599039648,Total,USD,Planktivore Total
Planktivore,GOM,2015,15756248.978384288,Total,USD,Planktivore Total
Planktivore,GB,2015,19084484.964898694,Total,USD,Planktivore Total
Planktivore,GOM,2016,23803197.682184674,Total,USD,Planktivore Total
Planktivore,GB,2016,13923650.547640108,Total,USD,Planktivore Total
Planktivore,GB,2017,15108861.077387363,Total,USD,Planktivore Total
Planktivore,GOM,2017,25273075.359616954,Total,USD,Planktivore Total
Planktivore,GOM,2018,19225054.830054086,Total,USD,Planktivore Total
Planktivore,GB,2018,9381286.171462262,Total,USD,Planktivore Total
Planktivore,GOM,2019,6604436.916088268,Total,USD,Planktivore Total
Planktivore,GB,2019,6092155.116388712,Total,USD,Planktivore Total
Planktivore,GOM,2020,3890469,Total,USD,Planktivore Total
Planktivore,GB,2020,6705592,Total,USD,Planktivore Total
Planktivore,GOM,2021,3376711,Total,USD,Planktivore Total
Planktivore,GB,2021,5172469,Total,USD,Planktivore Total
Planktivore,GOM,2022,2728627,Total,USD,Planktivore Total
Planktivore,GB,2022,499719,Total,USD,Planktivore Total
